<?xml version="1.0"?>
<data grt_format="2.0">
  <value _ptr_="00000000229FF0C0" type="list" content-type="object" content-struct-name="db.mgmt.Connection">
    <value type="object" struct-name="db.mgmt.Connection" id="{D2C23DFB-794D-4306-8AE8-D0CF4AE2ACD2}" struct-checksum="0x96ba47d8">
      <link type="object" struct-name="db.mgmt.Driver" key="driver">com.mysql.rdbms.mysql.driver.native</link>
      <value type="string" key="hostIdentifier">Mysql@127.0.0.1:3306</value>
      <value type="int" key="isDefault">1</value>
      <value _ptr_="0000000022E1EE50" type="dict" key="modules"/>
      <value _ptr_="0000000022E1EEB0" type="dict" key="parameterValues">
        <value type="string" key="DbSqlEditor:LastDefaultSchema">sii_db</value>
        <value type="string" key="SQL_MODE"></value>
        <value type="string" key="hostName">127.0.0.1</value>
        <value type="int" key="lastConnected">1558340047</value>
        <value type="string" key="password"></value>
        <value type="int" key="port">3306</value>
        <value type="string" key="schema"></value>
        <value type="string" key="serverVersion">8.0.16</value>
        <value type="string" key="sslCA"></value>
        <value type="string" key="sslCert"></value>
        <value type="string" key="sslCipher"></value>
        <value type="string" key="sslKey"></value>
        <value type="int" key="useSSL">1</value>
        <value type="string" key="userName">root</value>
      </value>
      <value type="string" key="name">sii-connect</value>
      <link type="object" struct-name="GrtObject" key="owner">{0E48D261-A8FD-4162-9981-3A43B05E312F}</link>
    </value>
  </value>
</data>
